id,FirstName,LastName,Email,RoleID,IsActive,DepartmentName
1,Bryan,Ng,bryannngg78@woohoo.com,1,1,People Analytics
2,Breanne,Crampin,bcrampin1@abc.net.au,3,0,Engineering
3,Orly,Castellino,ocastellino2@topsy.com,3,1,Support
4,Den,Whyborne,dwhyborne3@dot.gov,3,1,Legal
5,Maye,Losel,mlosel4@unblog.fr,2,1,Sales
6,Gwenneth,Cheke,gcheke5@cisco.com,3,1,Business Development
7,Cathe,Jaher,cjaher6@de.vu,3,1,Sales
8,Bo,Maddicks,bmaddicks7@webs.com,3,1,Product Management
9,Ruggiero,Ditts,rditts8@storify.com,3,1,Product Management
10,Grenville,Howselee,ghowselee9@usda.gov,3,1,Product Management
11,Marlow,Wanklin,mwanklina@spiegel.de,3,1,Engineering
12,Faber,Commins,fcomminsb@psu.edu,2,1,Legal
13,Walt,Blofeld,wblofeldc@about.me,3,1,Sales
14,Abraham,Camings,acamingsd@guardian.co.uk,3,1,Accounting
15,Gardiner,Stronack,gstronacke@t.co,3,1,Services
16,Melinda,Carle,mcarlef@goodreads.com,2,1,Research and Development
17,Hamilton,Esch,heschg@mapquest.com,3,0,Training
18,Trenna,McGucken,tmcguckenh@reference.com,3,1,Accounting
19,Micheline,Ellaway,mellawayi@symantec.com,3,1,Business Development
20,Randa,Scamerdine,rscamerdinej@bandcamp.com,3,1,Research and Development
21,Lavina,Pinckard,lpinckardk@springer.com,3,1,Marketing
22,Clemmie,Malafe,cmalafel@angelfire.com,3,1,Human Resources
23,Arvin,McKerley,amckerleym@weather.com,3,1,Support
24,Noni,Shaddock,nshaddockn@bluehost.com,3,1,Product Management
25,Michail,Muriel,mmurielo@blogs.com,2,0,Accounting
26,Legra,Forrestill,lforrestillp@shutterfly.com,2,1,Human Resources
27,Caresse,Baudin,cbaudinq@g.co,3,1,Marketing
28,Dorena,Librey,dlibreyr@tamu.edu,3,1,Training
29,Noe,Parks,nparkss@opensource.org,3,1,Accounting
30,Chancey,Buffin,cbuffint@nationalgeographic.com,3,1,Support
31,Michaela,Halse,mhalseu@cdbaby.com,3,1,Training
32,Wilona,Hatchard,whatchardv@indiatimes.com,3,1,Human Resources
33,Stanley,Durham,sdurhamw@sciencedirect.com,3,1,Business Development
34,Phylys,Thew,pthewx@scientificamerican.com,2,1,Services
35,Devy,Kinnier,dkinniery@lulu.com,3,1,Sales
36,Dougie,Wixey,dwixeyz@pinterest.com,2,1,Human Resources
37,Dexter,Adkin,dadkin10@amazon.co.uk,3,1,Marketing
38,Glenda,Dows,gdows11@jugem.jp,3,1,Sales
39,Verna,Piens,vpiens12@ucla.edu,3,1,Services
40,Tatiania,Rodda,trodda13@ustream.tv,3,1,Business Development
41,Thorsten,Hambling,thambling14@chron.com,3,0,Marketing
42,Jammal,Rock,jrock15@mit.edu,3,1,Marketing
43,Roseanne,Ternouth,rternouth16@bing.com,3,0,Support
44,Rene,Mallabone,rmallabone17@pen.io,3,1,Engineering
45,Hyacinthie,Currell,hcurrell18@wikimedia.org,3,0,Research and Development
46,Garrek,Serrell,gserrell19@hud.gov,3,1,Sales
47,Buck,Northbridge,bnorthbridge1a@tinyurl.com,3,1,Services
48,Tynan,Poynter,tpoynter1b@paypal.com,3,1,Sales
49,Matt,Rowaszkiewicz,mrowaszkiewicz1c@opera.com,3,1,Human Resources
50,Nanny,Cozby,ncozby1d@joomla.org,3,1,Support
51,Hube,Kerley,hkerley1e@statcounter.com,3,1,Engineering
52,Kessiah,Hyett,khyett1f@newyorker.com,3,1,Marketing
53,Shepherd,Beardmore,sbeardmore1g@miibeian.gov.cn,3,1,Legal
54,Robb,Ashington,rashington1h@geocities.jp,3,1,Marketing
55,Katha,Ashpital,kashpital1i@4shared.com,3,1,Research and Development
56,Gerri,Blamey,gblamey1j@unesco.org,2,1,Marketing
57,Nani,Meachen,nmeachen1k@bluehost.com,3,1,Support
58,Gaultiero,Bettison,gbettison1l@goo.gl,2,0,Legal
59,Lory,Collingridge,lcollingridge1m@google.nl,3,1,Sales
60,Eldridge,Alcorn,ealcorn1n@xing.com,3,1,Engineering
61,Tobit,Kemble,tkemble1o@dropbox.com,3,1,Services
62,Kellen,Tarte,ktarte1p@hibu.com,3,1,Engineering
63,Drew,Hugk,dhugk1q@reference.com,3,1,Business Development
64,Andres,Talby,atalby1r@discuz.net,3,1,Business Development
65,Gaylor,Byfield,gbyfield1s@istockphoto.com,2,1,Engineering
66,Samara,Farrand,sfarrand1t@paginegialle.it,3,0,Sales
67,Livvy,Gentreau,lgentreau1u@jigsy.com,3,1,Product Management
68,Gayle,Heddy,gheddy1v@elegantthemes.com,3,1,Product Management
69,Eamon,Nother,enother1w@va.gov,2,1,Support
70,Selia,Tofanelli,stofanelli1x@webmd.com,3,1,Research and Development
71,Jada,Tilt,jtilt1y@microsoft.com,2,1,Research and Development
72,Berte,Daffey,bdaffey1z@gmpg.org,3,1,Marketing
73,Goldarina,Friend,gfriend20@archive.org,3,1,Training
74,Lurline,Astle,lastle21@4shared.com,3,1,Human Resources
75,Adrien,Stonman,astonman22@unesco.org,3,1,Research and Development
76,Sandra,Danshin,sdanshin23@symantec.com,2,1,Services
77,Bess,Adamik,badamik24@businesswire.com,3,1,Accounting
78,Susanna,Pohling,spohling25@google.nl,2,0,Accounting
79,Germaine,Northcott,gnorthcott26@wikimedia.org,3,0,Research and Development
80,Felicio,Muscat,fmuscat27@bigcartel.com,3,0,Research and Development
81,Rolph,Allain,rallain28@cam.ac.uk,2,1,Services
82,Rowney,Cahalin,rcahalin29@prweb.com,3,1,Engineering
83,Randene,McElory,rmcelory2a@redcross.org,2,1,Engineering
84,Kassie,Caley,kcaley2b@wikimedia.org,3,1,Sales
85,Ki,Linch,klinch2c@cafepress.com,3,1,Training
86,Myrlene,Gareisr,mgareisr2d@w3.org,3,1,Business Development
87,Garth,Radnedge,gradnedge2e@elpais.com,3,1,Training
88,Marshall,Nesfield,mnesfield2f@latimes.com,3,1,Legal
89,Lexi,Palley,lpalley2g@dailymail.co.uk,3,1,Sales
90,Ferris,Mathelon,fmathelon2h@smugmug.com,3,1,Legal
91,Osbourne,Maddin,omaddin2i@dell.com,3,1,Business Development
92,Kit,Aimable,kaimable2j@vk.com,3,1,Sales
93,Perceval,Chessum,pchessum2k@github.io,3,1,Training
94,Amitie,Cheeney,acheeney2l@thetimes.co.uk,3,1,Support
95,Nita,McDowell,nmcdowell2m@sakura.ne.jp,3,1,Research and Development
96,Lanna,Pauls,lpauls2n@howstuffworks.com,3,1,Support
97,Travis,Downe,tdowne2o@artisteer.com,3,1,Services
98,Ignacius,Leary,ileary2p@google.cn,3,1,Product Management
99,Caroljean,Ouchterlony,couchterlony2q@symantec.com,3,1,Human Resources
100,Wynny,Rising,wrising2r@boston.com,2,1,Research and Development
101,Jameson,Pimblott,jpimblott2s@ning.com,3,1,Accounting
102,Flori,Lage,flage2t@uol.com.br,3,1,Product Management
103,Allen,Hazelton,ahazelton2u@mit.edu,3,1,Business Development
104,Nydia,Tremeer,ntremeer2v@qq.com,3,1,Marketing
105,Gawain,Stopps,gstopps2w@ucoz.com,3,1,Marketing
106,Marty,Davsley,mdavsley2x@sciencedirect.com,3,1,Human Resources
107,Paulette,Pople,ppople2y@wisc.edu,2,1,Sales
108,Ludvig,Ablitt,lablitt2z@pinterest.com,3,1,Research and Development
109,Tammara,Brislane,tbrislane30@oracle.com,3,1,Business Development
110,Sybila,Najara,snajara31@example.com,3,1,Training
111,Marybelle,Karim,mkarim32@lycos.com,3,1,Sales
112,Noelani,Poluzzi,npoluzzi33@desdev.cn,3,1,Research and Development
113,Teddy,Goscomb,tgoscomb34@etsy.com,3,1,Business Development
114,Ode,Crehan,ocrehan35@phoca.cz,3,1,Training
115,Stacia,Christauffour,schristauffour36@taobao.com,3,1,Research and Development
116,Valentine,Woodman,vwoodman37@gnu.org,3,1,Product Management
117,Savina,Grigor,sgrigor38@hao123.com,2,1,Sales
118,Lynnelle,Pallent,lpallent39@altervista.org,3,1,Marketing
119,Nicoli,Huffa,nhuffa3a@ox.ac.uk,3,1,Legal
120,Ryan,Androletti,randroletti3b@cnet.com,3,1,Training
121,Lenna,Crockley,lcrockley3c@telegraph.co.uk,3,1,Marketing
122,Morten,Ingle,mingle3d@creativecommons.org,3,1,Business Development
123,Rodger,Ramsell,rramsell3e@jugem.jp,3,1,Training
124,Dinah,Bernardelli,dbernardelli3f@oaic.gov.au,3,1,Business Development
125,Dav,McCadden,dmccadden3g@paypal.com,3,1,Sales
126,Jermayne,Battany,jbattany3h@irs.gov,3,1,Business Development
127,Zelda,Berkely,zberkely3i@usda.gov,3,0,Human Resources
128,Robinia,Bercevelo,rbercevelo3j@sun.com,3,1,Accounting
129,Carling,Selburn,cselburn3k@harvard.edu,3,1,Training
130,Aubry,Bremner,abremner3l@nps.gov,3,1,Product Management
131,Craig,Minthorpe,cminthorpe3m@com.com,3,1,Training
132,Devora,Kyttor,dkyttor3n@deviantart.com,3,1,Business Development
133,Basile,Neaverson,bneaverson3o@earthlink.net,3,1,Product Management
134,Wallis,Purkis,wpurkis3p@w3.org,3,0,Marketing
135,Shani,Meynell,smeynell3q@omniture.com,3,1,Legal
136,Jillene,Lehrer,jlehrer3r@quantcast.com,3,1,Marketing
137,Domini,Flohard,dflohard3s@gov.uk,3,1,Sales
138,Karee,Scriviner,kscriviner3t@msu.edu,3,1,Legal
139,Dale,Martignoni,dmartignoni3u@gmpg.org,3,1,Legal
140,Fiann,Fox,ffox3v@tinyurl.com,3,1,Business Development
141,Melany,Marmion,mmarmion3w@vimeo.com,3,0,Research and Development
142,Constanta,Cowtherd,ccowtherd3x@hexun.com,3,1,Support
143,Riva,Nutley,rnutley3y@dell.com,3,1,Training
144,Leodora,Bazek,lbazek3z@google.es,3,1,Human Resources
145,Jeffie,Lightbourne,jlightbourne40@rakuten.co.jp,3,1,Business Development
146,Nye,Twinbrow,ntwinbrow41@scribd.com,3,1,Marketing
147,Katharine,McLennan,kmclennan42@wix.com,3,1,Legal
148,Antonius,Pracy,apracy43@nationalgeographic.com,3,1,Training
149,Elli,Sigert,esigert44@issuu.com,3,1,Human Resources
150,Ingar,Cauley,icauley45@1und1.de,3,1,Services
151,Dudley,Markovich,dmarkovich46@fema.gov,3,1,Human Resources
152,De,Shilvock,dshilvock47@ebay.com,2,1,Research and Development
153,Adelind,Jearum,ajearum48@narod.ru,3,1,Services
154,Amy,Jeffcock,ajeffcock49@unicef.org,3,1,Research and Development
155,Barty,Bariball,bbariball4a@printfriendly.com,3,1,Legal
156,Clair,Kleingrub,ckleingrub4b@naver.com,2,1,Engineering
157,Christal,Asbery,casbery4c@g.co,3,1,Product Management
158,Leonidas,Cragg,lcragg4d@umich.edu,3,0,Engineering
159,Suzanne,Bucktharp,sbucktharp4e@eepurl.com,2,1,Marketing
160,Caryl,Danilchev,cdanilchev4f@mozilla.com,2,1,Accounting
161,Clywd,Beranek,cberanek4g@harvard.edu,3,1,Human Resources
162,Selle,Bernollet,sbernollet4h@cdbaby.com,3,1,Product Management
163,Gianna,Molan,gmolan4i@slideshare.net,3,1,Business Development
164,Augustine,VanBrugh,avanbrugh4j@chron.com,3,1,Engineering
165,Barbette,Streatfeild,bstreatfeild4k@indiatimes.com,2,1,Accounting
166,Trixi,Seyers,tseyers4l@symantec.com,3,1,Legal
167,Kathryn,Fillis,kfillis4m@miitbeian.gov.cn,3,1,Sales
168,Danny,Boncore,dboncore4n@ehow.com,3,1,Services
169,Jean,Gilliat,jgilliat4o@salon.com,3,1,Legal
170,Alwyn,Eidler,aeidler4p@elegantthemes.com,3,1,Business Development
171,Gay,Suche,gsuche4q@goo.gl,3,1,Legal
172,Dewain,Studeart,dstudeart4r@imgur.com,2,1,Training
173,Tessie,Farreil,tfarreil4s@freewebs.com,3,1,Sales
174,Leonhard,Mushet,lmushet4t@berkeley.edu,2,1,Training
175,Shea,Roscoe,sroscoe4u@nymag.com,3,0,Services
176,Moshe,Bofield,mbofield4v@engadget.com,3,0,Support
177,Georg,Hamel,ghamel4w@slideshare.net,3,1,Support
178,Leshia,Rennix,lrennix4x@goodreads.com,3,1,Marketing
179,Suzanne,Pullinger,spullinger4y@globo.com,2,1,Marketing
180,Jean,Pitford,jpitford4z@ox.ac.uk,3,1,Legal
181,Vincenty,Brennand,vbrennand50@nasa.gov,3,1,Engineering
182,Herc,Emlin,hemlin51@nydailynews.com,3,0,Training
183,Shurwood,Mieville,smieville52@plala.or.jp,3,1,Human Resources
184,Nert,Culbard,nculbard53@fema.gov,3,1,Research and Development
185,Courtney,Pegram,cpegram54@ox.ac.uk,3,1,Sales
186,Harp,Geffinger,hgeffinger55@weather.com,3,1,Engineering
187,Flory,Ofener,fofener56@prweb.com,3,1,Training
188,Chloette,Hundey,chundey57@tuttocitta.it,3,1,Sales
189,Jane,Bellay,jbellay58@youtube.com,3,0,Research and Development
190,Jolyn,Beyer,jbeyer59@spotify.com,3,1,Support
191,Essa,Syne,esyne5a@jiathis.com,3,1,Research and Development
192,Nicki,Vanner,nvanner5b@nba.com,3,1,Engineering
193,Berte,Aitken,baitken5c@nasa.gov,2,1,Engineering
194,Gerrilee,Burchell,gburchell5d@mapy.cz,3,1,Legal
195,Dynah,Reynoollds,dreynoollds5e@uol.com.br,3,1,Services
196,Farris,Seabright,fseabright5f@google.cn,3,1,Accounting
197,Ari,Rosenschein,arosenschein5g@is.gd,3,1,Accounting
198,Celina,Dahlman,cdahlman5h@tmall.com,3,1,Training
199,Gerrie,Vanlint,gvanlint5i@aboutads.info,3,1,Accounting
200,Dewie,Crennell,dcrennell5j@jimdo.com,3,1,Legal
201,Jennie,Pounds,jpounds5k@amazon.co.jp,3,1,Training
202,Lorraine,Camplin,lcamplin5l@opera.com,3,1,Accounting
203,Delcine,McCowan,dmccowan5m@techcrunch.com,3,1,Training
204,Natalya,Jentgens,njentgens5n@who.int,3,1,Sales
205,Kari,Wortt,kwortt5o@answers.com,2,1,Legal
206,Candra,Boag,cboag5p@opera.com,3,1,Accounting
207,Bradan,Sloy,bsloy5q@rambler.ru,3,1,Accounting
208,Sheryl,Luten,sluten5r@phoca.cz,3,1,Accounting
209,Maxine,Tackley,mtackley5s@blogs.com,3,1,Sales
210,Valina,Draysey,vdraysey5t@webnode.com,3,1,Marketing
211,Noam,Sedger,nsedger5u@slideshare.net,3,1,Marketing
212,Colene,Sommerscales,csommerscales5v@mit.edu,3,1,Business Development
213,Serge,Iacovini,siacovini5w@gnu.org,3,1,Sales
214,Diarmid,Fossett,dfossett5x@imdb.com,3,1,Business Development
215,Jarred,Bentick,jbentick5y@walmart.com,3,1,Legal
216,Alys,Talks,atalks5z@yale.edu,3,1,Training
217,Zach,Critch,zcritch60@blog.com,3,1,Services
218,Nanine,Georgiev,ngeorgiev61@mayoclinic.com,3,0,Business Development
219,Orv,Winspurr,owinspurr62@vk.com,3,1,Research and Development
220,Pauly,Balaizot,pbalaizot63@techcrunch.com,3,1,Services
221,Xylina,Liptrot,xliptrot64@skype.com,3,1,Support
222,Jean,Adolthine,jadolthine65@1688.com,3,1,Services
223,Odie,Favey,ofavey66@sun.com,3,1,Business Development
224,Brooke,Severwright,bseverwright67@about.com,3,1,Business Development
225,Natalie,Wattingham,nwattingham68@prweb.com,3,1,Sales
226,Bealle,Hurdedge,bhurdedge69@booking.com,3,1,Research and Development
227,Hedda,Wenderott,hwenderott6a@usgs.gov,3,1,Human Resources
228,Chickie,Scoines,cscoines6b@theglobeandmail.com,3,1,Research and Development
229,Oralee,Megany,omegany6c@tiny.cc,3,1,Services
230,Rozella,Pennington,rpennington6d@ibm.com,3,1,Business Development
231,Obie,Springett,ospringett6e@cbc.ca,2,1,Research and Development
232,Sibyl,Rodolfi,srodolfi6f@stanford.edu,2,1,Engineering
233,Talya,Philbin,tphilbin6g@usatoday.com,3,1,Product Management
234,Griff,Pancoust,gpancoust6h@fema.gov,3,1,Services
235,Nial,Hammarberg,nhammarberg6i@nhs.uk,3,1,Support
236,Dita,Josupeit,djosupeit6j@seattletimes.com,2,0,Support
237,Sibyl,Wanell,swanell6k@symantec.com,3,1,Business Development
238,Germain,MacMickan,gmacmickan6l@t.co,3,1,Training
239,Alena,Androli,aandroli6m@hubpages.com,3,1,Legal
240,Smitty,Lobb,slobb6n@fotki.com,3,0,Services
241,Isaak,Keasy,ikeasy6o@parallels.com,3,1,Accounting
242,Thorndike,Santer,tsanter6p@skype.com,2,1,Legal
243,Linet,Korpolak,lkorpolak6q@sciencedaily.com,3,0,Accounting
244,Merralee,Sibly,msibly6r@wikipedia.org,3,1,Services
245,Ellette,Rawlison,erawlison6s@yahoo.co.jp,3,0,Training
246,Rheba,Veeler,rveeler6t@people.com.cn,2,0,Research and Development
247,Rock,Kernaghan,rkernaghan6u@homestead.com,3,1,Services
248,Brigitta,Pountain,bpountain6v@washington.edu,2,1,Sales
249,Howie,Fells,hfells6w@constantcontact.com,3,1,Product Management
250,Rutger,Dumphreys,rdumphreys6x@paypal.com,3,1,Business Development
